{
    "accuracy": 0.6835,
    "roc_auc": 0.7623840032972745,
    "precision": 0.695398388374214,
    "recall": 0.6835,
    "f1": 0.6854617990734457
}